"initial_alias","converted_alias","name","description","namespace"
"GO:0097060","ENSMUSG00000000263","Glra1","glycine receptor, alpha 1 subunit [Source:MGI Symbol;Acc:MGI:95747]","GO"
"GO:0097060","ENSMUSG00000000326","Comt","catechol-O-methyltransferase [Source:MGI Symbol;Acc:MGI:88470]","GO"
"GO:0097060","ENSMUSG00000000560","Gabra2","gamma-aminobutyric acid (GABA) A receptor, subunit alpha 2 [Source:MGI Symbol;Acc:MGI:95614]","GO"
"GO:0097060","ENSMUSG00000000617","Grm6","glutamate receptor, metabotropic 6 [Source:MGI Symbol;Acc:MGI:1351343]","GO"
"GO:0097060","ENSMUSG00000000627","Sema4f","sema domain, immunoglobulin domain (Ig), TM domain, and short cytoplasmic domain [Source:MGI Symbol;Acc:MGI:1340055]","GO"
"GO:0097060","ENSMUSG00000000766","Oprm1","opioid receptor, mu 1 [Source:MGI Symbol;Acc:MGI:97441]","GO"
"GO:0097060","ENSMUSG00000000915","Hip1r","huntingtin interacting protein 1 related [Source:MGI Symbol;Acc:MGI:1352504]","GO"
"GO:0097060","ENSMUSG00000001260","Gabrg1","gamma-aminobutyric acid (GABA) A receptor, subunit gamma 1 [Source:MGI Symbol;Acc:MGI:103156]","GO"
"GO:0097060","ENSMUSG00000001300","Efnb2","ephrin B2 [Source:MGI Symbol;Acc:MGI:105097]","GO"
"GO:0097060","ENSMUSG00000001507","Itga3","integrin alpha 3 [Source:MGI Symbol;Acc:MGI:96602]","GO"
"GO:0097060","ENSMUSG00000001985","Grik3","glutamate receptor, ionotropic, kainate 3 [Source:MGI Symbol;Acc:MGI:95816]","GO"
"GO:0097060","ENSMUSG00000001986","Gria3","glutamate receptor, ionotropic, AMPA3 (alpha 3) [Source:MGI Symbol;Acc:MGI:95810]","GO"
"GO:0097060","ENSMUSG00000002104","Rapsn","receptor-associated protein of the synapse [Source:MGI Symbol;Acc:MGI:99422]","GO"
"GO:0097060","ENSMUSG00000002489","Tiam1","T cell lymphoma invasion and metastasis 1 [Source:MGI Symbol;Acc:MGI:103306]","GO"
"GO:0097060","ENSMUSG00000002771","Grin2d","glutamate receptor, ionotropic, NMDA2D (epsilon 4) [Source:MGI Symbol;Acc:MGI:95823]","GO"
"GO:0097060","ENSMUSG00000003153","Slc2a3","solute carrier family 2 (facilitated glucose transporter), member 3 [Source:MGI Symbol;Acc:MGI:95757]","GO"
"GO:0097060","ENSMUSG00000003269","Cyth2","cytohesin 2 [Source:MGI Symbol;Acc:MGI:1334255]","GO"
"GO:0097060","ENSMUSG00000003279","Dlgap1","DLG associated protein 1 [Source:MGI Symbol;Acc:MGI:1346065]","GO"
"GO:0097060","ENSMUSG00000003346","Abhd17a","abhydrolase domain containing 17A [Source:MGI Symbol;Acc:MGI:106388]","GO"
"GO:0097060","ENSMUSG00000003378","Grik5","glutamate receptor, ionotropic, kainate 5 (gamma 2) [Source:MGI Symbol;Acc:MGI:95818]","GO"
"GO:0097060","ENSMUSG00000003458","Ncstn","nicastrin [Source:MGI Symbol;Acc:MGI:1891700]","GO"
"GO:0097060","ENSMUSG00000003657","Calb2","calbindin 2 [Source:MGI Symbol;Acc:MGI:101914]","GO"
"GO:0097060","ENSMUSG00000003872","Lin7b","lin-7 homolog B (C. elegans) [Source:MGI Symbol;Acc:MGI:1330858]","GO"
"GO:0097060","ENSMUSG00000003934","Efnb3","ephrin B3 [Source:MGI Symbol;Acc:MGI:109196]","GO"
"GO:0097060","ENSMUSG00000003974","Grm3","glutamate receptor, metabotropic 3 [Source:MGI Symbol;Acc:MGI:1351340]","GO"
"GO:0097060","ENSMUSG00000004069","Dnaja3","DnaJ heat shock protein family (Hsp40) member A3 [Source:MGI Symbol;Acc:MGI:1933786]","GO"
"GO:0097060","ENSMUSG00000004267","Eno2","enolase 2, gamma neuronal [Source:MGI Symbol;Acc:MGI:95394]","GO"
"GO:0097060","ENSMUSG00000004319","Clcn3","chloride channel, voltage-sensitive 3 [Source:MGI Symbol;Acc:MGI:103555]","GO"
"GO:0097060","ENSMUSG00000004951","Hspb1","heat shock protein 1 [Source:MGI Symbol;Acc:MGI:96240]","GO"
"GO:0097060","ENSMUSG00000005089","Slc1a2","solute carrier family 1 (glial high affinity glutamate transporter), member 2 [Source:MGI Symbol;Acc:MGI:101931]","GO"
"GO:0097060","ENSMUSG00000005338","Cadm3","cell adhesion molecule 3 [Source:MGI Symbol;Acc:MGI:2137858]","GO"
"GO:0097060","ENSMUSG00000005357","Slc1a6","solute carrier family 1 (high affinity aspartate/glutamate transporter), member 6 [Source:MGI Symbol;Acc:MGI:1096331]","GO"
"GO:0097060","ENSMUSG00000005952","Trpv1","transient receptor potential cation channel, subfamily V, member 1 [Source:MGI Symbol;Acc:MGI:1341787]","GO"
"GO:0097060","ENSMUSG00000006134","Crkl","v-crk avian sarcoma virus CT10 oncogene homolog-like [Source:MGI Symbol;Acc:MGI:104686]","GO"
"GO:0097060","ENSMUSG00000006932","Ctnnb1","catenin (cadherin associated protein), beta 1 [Source:MGI Symbol;Acc:MGI:88276]","GO"
"GO:0097060","ENSMUSG00000007207","Stx1a","syntaxin 1A (brain) [Source:MGI Symbol;Acc:MGI:109355]","GO"
"GO:0097060","ENSMUSG00000007653","Gabrb2","gamma-aminobutyric acid (GABA) A receptor, subunit beta 2 [Source:MGI Symbol;Acc:MGI:95620]","GO"
"GO:0097060","ENSMUSG00000008153","Clstn3","calsyntenin 3 [Source:MGI Symbol;Acc:MGI:2178323]","GO"
"GO:0097060","ENSMUSG00000008590","Htr3b","5-hydroxytryptamine (serotonin) receptor 3B [Source:MGI Symbol;Acc:MGI:1861899]","GO"
"GO:0097060","ENSMUSG00000008932","Slc1a7","solute carrier family 1 (glutamate transporter), member 7 [Source:MGI Symbol;Acc:MGI:2444087]","GO"
"GO:0097060","ENSMUSG00000010609","Psen2","presenilin 2 [Source:MGI Symbol;Acc:MGI:109284]","GO"
"GO:0097060","ENSMUSG00000010803","Gabra1","gamma-aminobutyric acid (GABA) A receptor, subunit alpha 1 [Source:MGI Symbol;Acc:MGI:95613]","GO"
"GO:0097060","ENSMUSG00000010825","Grid2ip","glutamate receptor, ionotropic, delta 2 (Grid2) interacting protein 1 [Source:MGI Symbol;Acc:MGI:2176213]","GO"
"GO:0097060","ENSMUSG00000012777","Acp4","acid phosphatase 4 [Source:MGI Symbol;Acc:MGI:3644563]","GO"
"GO:0097060","ENSMUSG00000013033","Adgrl1","adhesion G protein-coupled receptor L1 [Source:MGI Symbol;Acc:MGI:1929461]","GO"
"GO:0097060","ENSMUSG00000013236","Ptprs","protein tyrosine phosphatase, receptor type, S [Source:MGI Symbol;Acc:MGI:97815]","GO"
"GO:0097060","ENSMUSG00000013662","Atad1","ATPase family, AAA domain containing 1 [Source:MGI Symbol;Acc:MGI:1915229]","GO"
"GO:0097060","ENSMUSG00000013663","Pten","phosphatase and tensin homolog [Source:MGI Symbol;Acc:MGI:109583]","GO"
"GO:0097060","ENSMUSG00000014609","Chrne","cholinergic receptor, nicotinic, epsilon polypeptide [Source:MGI Symbol;Acc:MGI:87894]","GO"
"GO:0097060","ENSMUSG00000015476","Prrt1","proline-rich transmembrane protein 1 [Source:MGI Symbol;Acc:MGI:1932118]","GO"
"GO:0097060","ENSMUSG00000015656","Hspa8","heat shock protein 8 [Source:MGI Symbol;Acc:MGI:105384]","GO"
"GO:0097060","ENSMUSG00000015750","Aph1a","aph1 homolog A, gamma secretase subunit [Source:MGI Symbol;Acc:MGI:2385110]","GO"
"GO:0097060","ENSMUSG00000015968","Cacna1d","calcium channel, voltage-dependent, L type, alpha 1D subunit [Source:MGI Symbol;Acc:MGI:88293]","GO"
"GO:0097060","ENSMUSG00000017132","Cyth1","cytohesin 1 [Source:MGI Symbol;Acc:MGI:1334257]","GO"
"GO:0097060","ENSMUSG00000017167","Cntnap1","contactin associated protein-like 1 [Source:MGI Symbol;Acc:MGI:1858201]","GO"
"GO:0097060","ENSMUSG00000017314","Mpp2","membrane protein, palmitoylated 2 (MAGUK p55 subfamily member 2) [Source:MGI Symbol;Acc:MGI:1858257]","GO"
"GO:0097060","ENSMUSG00000017978","Cadps2","Ca2+-dependent activator protein for secretion 2 [Source:MGI Symbol;Acc:MGI:2443963]","GO"
"GO:0097060","ENSMUSG00000018166","Erbb3","erb-b2 receptor tyrosine kinase 3 [Source:MGI Symbol;Acc:MGI:95411]","GO"
"GO:0097060","ENSMUSG00000018362","Kpna2","karyopherin (importin) alpha 2 [Source:MGI Symbol;Acc:MGI:103561]","GO"
"GO:0097060","ENSMUSG00000018428","Akap1","A kinase (PRKA) anchor protein 1 [Source:MGI Symbol;Acc:MGI:104729]","GO"
"GO:0097060","ENSMUSG00000018589","Glra2","glycine receptor, alpha 2 subunit [Source:MGI Symbol;Acc:MGI:95748]","GO"
"GO:0097060","ENSMUSG00000018595","Glra4","glycine receptor, alpha 4 subunit [Source:MGI Symbol;Acc:MGI:95750]","GO"
"GO:0097060","ENSMUSG00000018909","Arrb1","arrestin, beta 1 [Source:MGI Symbol;Acc:MGI:99473]","GO"
"GO:0097060","ENSMUSG00000019146","Cacng2","calcium channel, voltage-dependent, gamma subunit 2 [Source:MGI Symbol;Acc:MGI:1316660]","GO"
"GO:0097060","ENSMUSG00000019558","Slc6a8","solute carrier family 6 (neurotransmitter transporter, creatine), member 8 [Source:MGI Symbol;Acc:MGI:2147834]","GO"
"GO:0097060","ENSMUSG00000019790","Stxbp5","syntaxin binding protein 5 (tomosyn) [Source:MGI Symbol;Acc:MGI:1926058]","GO"
"GO:0097060","ENSMUSG00000019820","Utrn","utrophin [Source:MGI Symbol;Acc:MGI:104631]","GO"
"GO:0097060","ENSMUSG00000019828","Grm1","glutamate receptor, metabotropic 1 [Source:MGI Symbol;Acc:MGI:1351338]","GO"
"GO:0097060","ENSMUSG00000019906","Lin7a","lin-7 homolog A (C. elegans) [Source:MGI Symbol;Acc:MGI:2135609]","GO"
"GO:0097060","ENSMUSG00000019943","Atp2b1","ATPase, Ca++ transporting, plasma membrane 1 [Source:MGI Symbol;Acc:MGI:104653]","GO"
"GO:0097060","ENSMUSG00000019969","Psen1","presenilin 1 [Source:MGI Symbol;Acc:MGI:1202717]","GO"
"GO:0097060","ENSMUSG00000020102","Slc16a7","solute carrier family 16 (monocarboxylic acid transporters), member 7 [Source:MGI Symbol;Acc:MGI:1330284]","GO"
"GO:0097060","ENSMUSG00000020153","Ndufs7","NADH:ubiquinone oxidoreductase core subunit S7 [Source:MGI Symbol;Acc:MGI:1922656]","GO"
"GO:0097060","ENSMUSG00000020159","Gabrp","gamma-aminobutyric acid (GABA) A receptor, pi [Source:MGI Symbol;Acc:MGI:2387597]","GO"
"GO:0097060","ENSMUSG00000020178","Adora2a","adenosine A2a receptor [Source:MGI Symbol;Acc:MGI:99402]","GO"
"GO:0097060","ENSMUSG00000020368","Canx","calnexin [Source:MGI Symbol;Acc:MGI:88261]","GO"
"GO:0097060","ENSMUSG00000020388","Pdlim4","PDZ and LIM domain 4 [Source:MGI Symbol;Acc:MGI:1353470]","GO"
"GO:0097060","ENSMUSG00000020428","Gabra6","gamma-aminobutyric acid (GABA) A receptor, subunit alpha 6 [Source:MGI Symbol;Acc:MGI:95618]","GO"
"GO:0097060","ENSMUSG00000020431","Adcy1","adenylate cyclase 1 [Source:MGI Symbol;Acc:MGI:99677]","GO"
"GO:0097060","ENSMUSG00000020436","Gabrg2","gamma-aminobutyric acid (GABA) A receptor, subunit gamma 2 [Source:MGI Symbol;Acc:MGI:95623]","GO"
"GO:0097060","ENSMUSG00000020458","Rtn4","reticulon 4 [Source:MGI Symbol;Acc:MGI:1915835]","GO"
"GO:0097060","ENSMUSG00000020476","Dbnl","drebrin-like [Source:MGI Symbol;Acc:MGI:700006]","GO"
"GO:0097060","ENSMUSG00000020524","Gria1","glutamate receptor, ionotropic, AMPA1 (alpha 1) [Source:MGI Symbol;Acc:MGI:95808]","GO"
"GO:0097060","ENSMUSG00000020598","Nrcam","neuronal cell adhesion molecule [Source:MGI Symbol;Acc:MGI:104750]","GO"
"GO:0097060","ENSMUSG00000020599","Rgs9","regulator of G-protein signaling 9 [Source:MGI Symbol;Acc:MGI:1338824]","GO"
"GO:0097060","ENSMUSG00000020689","Itgb3","integrin beta 3 [Source:MGI Symbol;Acc:MGI:96612]","GO"
"GO:0097060","ENSMUSG00000020723","Cacng4","calcium channel, voltage-dependent, gamma subunit 4 [Source:MGI Symbol;Acc:MGI:1859167]","GO"
"GO:0097060","ENSMUSG00000020734","Grin2c","glutamate receptor, ionotropic, NMDA2C (epsilon 3) [Source:MGI Symbol;Acc:MGI:95822]","GO"
"GO:0097060","ENSMUSG00000020787","P2rx1","purinergic receptor P2X, ligand-gated ion channel, 1 [Source:MGI Symbol;Acc:MGI:1098235]","GO"
"GO:0097060","ENSMUSG00000020838","Slc6a4","solute carrier family 6 (neurotransmitter transporter, serotonin), member 4 [Source:MGI Symbol;Acc:MGI:96285]","GO"
"GO:0097060","ENSMUSG00000020886","Dlg4","discs large MAGUK scaffold protein 4 [Source:MGI Symbol;Acc:MGI:1277959]","GO"
"GO:0097060","ENSMUSG00000021057","Akap5","A kinase (PRKA) anchor protein 5 [Source:MGI Symbol;Acc:MGI:2685104]","GO"
"GO:0097060","ENSMUSG00000021139","Gm20498","predicted gene 20498 [Source:MGI Symbol;Acc:MGI:5141963]","GO"
"GO:0097060","ENSMUSG00000021478","Drd1","dopamine receptor D1 [Source:MGI Symbol;Acc:MGI:99578]","GO"
"GO:0097060","ENSMUSG00000021609","Slc6a3","solute carrier family 6 (neurotransmitter transporter, dopamine), member 3 [Source:MGI Symbol;Acc:MGI:94862]","GO"
"GO:0097060","ENSMUSG00000021719","Rgs7bp","regulator of G-protein signalling 7 binding protein [Source:MGI Symbol;Acc:MGI:106334]","GO"
"GO:0097060","ENSMUSG00000021721","Htr1a","5-hydroxytryptamine (serotonin) receptor 1A [Source:MGI Symbol;Acc:MGI:96273]","GO"
"GO:0097060","ENSMUSG00000022041","Chrna2","cholinergic receptor, nicotinic, alpha polypeptide 2 (neuronal) [Source:MGI Symbol;Acc:MGI:87886]","GO"
"GO:0097060","ENSMUSG00000022321","Cdh10","cadherin 10 [Source:MGI Symbol;Acc:MGI:107436]","GO"
"GO:0097060","ENSMUSG00000022376","Adcy8","adenylate cyclase 8 [Source:MGI Symbol;Acc:MGI:1341110]","GO"
"GO:0097060","ENSMUSG00000022456","Sept3","septin 3 [Source:MGI Symbol;Acc:MGI:1345148]","GO"
"GO:0097060","ENSMUSG00000022494","Shisa9","shisa family member 9 [Source:MGI Symbol;Acc:MGI:1919805]","GO"
"GO:0097060","ENSMUSG00000022568","Scrib","scribbled planar cell polarity [Source:MGI Symbol;Acc:MGI:2145950]","GO"
"GO:0097060","ENSMUSG00000022602","Arc","activity regulated cytoskeletal-associated protein [Source:MGI Symbol;Acc:MGI:88067]","GO"
"GO:0097060","ENSMUSG00000022623","Shank3","SH3 and multiple ankyrin repeat domains 3 [Source:MGI Symbol;Acc:MGI:1930016]","GO"
"GO:0097060","ENSMUSG00000022656","Nectin3","nectin cell adhesion molecule 3 [Source:MGI Symbol;Acc:MGI:1930171]","GO"
"GO:0097060","ENSMUSG00000022705","Drd3","dopamine receptor D3 [Source:MGI Symbol;Acc:MGI:94925]","GO"
"GO:0097060","ENSMUSG00000022758","P2rx6","purinergic receptor P2X, ligand-gated ion channel, 6 [Source:MGI Symbol;Acc:MGI:1337113]","GO"
"GO:0097060","ENSMUSG00000022770","Dlg1","discs large MAGUK scaffold protein 1 [Source:MGI Symbol;Acc:MGI:107231]","GO"
"GO:0097060","ENSMUSG00000022789","Dnm1l","dynamin 1-like [Source:MGI Symbol;Acc:MGI:1921256]","GO"
"GO:0097060","ENSMUSG00000022831","Hcls1","hematopoietic cell specific Lyn substrate 1 [Source:MGI Symbol;Acc:MGI:104568]","GO"
"GO:0097060","ENSMUSG00000022935","Grik1","glutamate receptor, ionotropic, kainate 1 [Source:MGI Symbol;Acc:MGI:95814]","GO"
"GO:0097060","ENSMUSG00000022973","Synj1","synaptojanin 1 [Source:MGI Symbol;Acc:MGI:1354961]","GO"
"GO:0097060","ENSMUSG00000023011","Faim2","Fas apoptotic inhibitory molecule 2 [Source:MGI Symbol;Acc:MGI:1919643]","GO"
"GO:0097060","ENSMUSG00000023192","Grm2","glutamate receptor, metabotropic 2 [Source:MGI Symbol;Acc:MGI:1351339]","GO"
"GO:0097060","ENSMUSG00000023267","Gabrr2","gamma-aminobutyric acid (GABA) C receptor, subunit rho 2 [Source:MGI Symbol;Acc:MGI:95626]","GO"
"GO:0097060","ENSMUSG00000023328","Ache","acetylcholinesterase [Source:MGI Symbol;Acc:MGI:87876]","GO"
"GO:0097060","ENSMUSG00000023341","Mx2","MX dynamin-like GTPase 2 [Source:MGI Symbol;Acc:MGI:97244]","GO"
"GO:0097060","ENSMUSG00000024077","Strn","striatin, calmodulin binding protein [Source:MGI Symbol;Acc:MGI:1333757]","GO"
"GO:0097060","ENSMUSG00000024109","Nrxn1","neurexin I [Source:MGI Symbol;Acc:MGI:1096391]","GO"
"GO:0097060","ENSMUSG00000024211","Grm8","glutamate receptor, metabotropic 8 [Source:MGI Symbol;Acc:MGI:1351345]","GO"
"GO:0097060","ENSMUSG00000024304","Cdh2","cadherin 2 [Source:MGI Symbol;Acc:MGI:88355]","GO"
"GO:0097060","ENSMUSG00000024462","Gabbr1","gamma-aminobutyric acid (GABA) B receptor, 1 [Source:MGI Symbol;Acc:MGI:1860139]","GO"
"GO:0097060","ENSMUSG00000024617","Camk2a","calcium/calmodulin-dependent protein kinase II alpha [Source:MGI Symbol;Acc:MGI:88256]","GO"
"GO:0097060","ENSMUSG00000024659","Anxa1","annexin A1 [Source:MGI Symbol;Acc:MGI:96819]","GO"
"GO:0097060","ENSMUSG00000024743","Syt7","synaptotagmin VII [Source:MGI Symbol;Acc:MGI:1859545]","GO"
"GO:0097060","ENSMUSG00000024798","Htr7","5-hydroxytryptamine (serotonin) receptor 7 [Source:MGI Symbol;Acc:MGI:99841]","GO"
"GO:0097060","ENSMUSG00000024873","Cnih2","cornichon family AMPA receptor auxiliary protein 2 [Source:MGI Symbol;Acc:MGI:1277225]","GO"
"GO:0097060","ENSMUSG00000024897","Apba1","amyloid beta (A4) precursor protein binding, family  A, member 1 [Source:MGI Symbol;Acc:MGI:1860297]","GO"
"GO:0097060","ENSMUSG00000024912","Fosl1","fos-like antigen 1 [Source:MGI Symbol;Acc:MGI:107179]","GO"
"GO:0097060","ENSMUSG00000025161","Slc16a3","solute carrier family 16 (monocarboxylic acid transporters), member 3 [Source:MGI Symbol;Acc:MGI:1933438]","GO"
"GO:0097060","ENSMUSG00000025178","Pi4k2a","phosphatidylinositol 4-kinase type 2 alpha [Source:MGI Symbol;Acc:MGI:1934031]","GO"
"GO:0097060","ENSMUSG00000025277","Abhd6","abhydrolase domain containing 6 [Source:MGI Symbol;Acc:MGI:1913332]","GO"
"GO:0097060","ENSMUSG00000025370","Cdh9","cadherin 9 [Source:MGI Symbol;Acc:MGI:107433]","GO"
"GO:0097060","ENSMUSG00000025372","Baiap2","brain-specific angiogenesis inhibitor 1-associated protein 2 [Source:MGI Symbol;Acc:MGI:2137336]","GO"
"GO:0097060","ENSMUSG00000025496","Drd4","dopamine receptor D4 [Source:MGI Symbol;Acc:MGI:94926]","GO"
"GO:0097060","ENSMUSG00000025555","Farp1","FERM, RhoGEF (Arhgef) and pleckstrin domain protein 1 (chondrocyte-derived) [Source:MGI Symbol;Acc:MGI:2446173]","GO"
"GO:0097060","ENSMUSG00000025658","Cnksr2","connector enhancer of kinase suppressor of Ras 2 [Source:MGI Symbol;Acc:MGI:2661175]","GO"
"GO:0097060","ENSMUSG00000025809","Itgb1","integrin beta 1 (fibronectin receptor beta) [Source:MGI Symbol;Acc:MGI:96610]","GO"
"GO:0097060","ENSMUSG00000025810","Nrp1","neuropilin 1 [Source:MGI Symbol;Acc:MGI:106206]","GO"
"GO:0097060","ENSMUSG00000025892","Gria4","glutamate receptor, ionotropic, AMPA4 (alpha 4) [Source:MGI Symbol;Acc:MGI:95811]","GO"
"GO:0097060","ENSMUSG00000025905","Oprk1","opioid receptor, kappa 1 [Source:MGI Symbol;Acc:MGI:97439]","GO"
"GO:0097060","ENSMUSG00000025964","Adam23","a disintegrin and metallopeptidase domain 23 [Source:MGI Symbol;Acc:MGI:1345162]","GO"
"GO:0097060","ENSMUSG00000025969","Nrp2","neuropilin 2 [Source:MGI Symbol;Acc:MGI:1100492]","GO"
"GO:0097060","ENSMUSG00000026121","Sema4c","sema domain, immunoglobulin domain (Ig), transmembrane domain (TM) and short cytoplasmic domain, (semaphorin) 4C [Source:MGI Symbol;Acc:MGI:109252]","GO"
"GO:0097060","ENSMUSG00000026235","Epha4","Eph receptor A4 [Source:MGI Symbol;Acc:MGI:98277]","GO"
"GO:0097060","ENSMUSG00000026251","Chrnd","cholinergic receptor, nicotinic, delta polypeptide [Source:MGI Symbol;Acc:MGI:87893]","GO"
"GO:0097060","ENSMUSG00000026253","Chrng","cholinergic receptor, nicotinic, gamma polypeptide [Source:MGI Symbol;Acc:MGI:87895]","GO"
"GO:0097060","ENSMUSG00000026425","Srgap2","SLIT-ROBO Rho GTPase activating protein 2 [Source:MGI Symbol;Acc:MGI:109605]","GO"
"GO:0097060","ENSMUSG00000026463","Atp2b4","ATPase, Ca++ transporting, plasma membrane 4 [Source:MGI Symbol;Acc:MGI:88111]","GO"
"GO:0097060","ENSMUSG00000026514","Cnih3","cornichon family AMPA receptor auxiliary protein 3 [Source:MGI Symbol;Acc:MGI:1920228]","GO"
"GO:0097060","ENSMUSG00000026527","Rgs7","regulator of G protein signaling 7 [Source:MGI Symbol;Acc:MGI:1346089]","GO"
"GO:0097060","ENSMUSG00000026768","Itga8","integrin alpha 8 [Source:MGI Symbol;Acc:MGI:109442]","GO"
"GO:0097060","ENSMUSG00000026787","Gad2","glutamic acid decarboxylase 2 [Source:MGI Symbol;Acc:MGI:95634]","GO"
"GO:0097060","ENSMUSG00000026797","Stxbp1","syntaxin binding protein 1 [Source:MGI Symbol;Acc:MGI:107363]","GO"
"GO:0097060","ENSMUSG00000026824","Kcnj3","potassium inwardly-rectifying channel, subfamily J, member 3 [Source:MGI Symbol;Acc:MGI:104742]","GO"
"GO:0097060","ENSMUSG00000026825","Dnm1","dynamin 1 [Source:MGI Symbol;Acc:MGI:107384]","GO"
"GO:0097060","ENSMUSG00000026833","Olfm1","olfactomedin 1 [Source:MGI Symbol;Acc:MGI:1860437]","GO"
"GO:0097060","ENSMUSG00000026959","Grin1","glutamate receptor, ionotropic, NMDA1 (zeta 1) [Source:MGI Symbol;Acc:MGI:95819]","GO"
"GO:0097060","ENSMUSG00000027071","P2rx3","purinergic receptor P2X, ligand-gated ion channel, 3 [Source:MGI Symbol;Acc:MGI:1097160]","GO"
"GO:0097060","ENSMUSG00000027107","Chrna1","cholinergic receptor, nicotinic, alpha polypeptide 1 (muscle) [Source:MGI Symbol;Acc:MGI:87885]","GO"
"GO:0097060","ENSMUSG00000027162","Lin7c","lin-7 homolog C (C. elegans) [Source:MGI Symbol;Acc:MGI:1330839]","GO"
"GO:0097060","ENSMUSG00000027253","Lrp4","low density lipoprotein receptor-related protein 4 [Source:MGI Symbol;Acc:MGI:2442252]","GO"
"GO:0097060","ENSMUSG00000027273","Snap25","synaptosomal-associated protein 25 [Source:MGI Symbol;Acc:MGI:98331]","GO"
"GO:0097060","ENSMUSG00000027303","Ptpra","protein tyrosine phosphatase, receptor type, A [Source:MGI Symbol;Acc:MGI:97808]","GO"
"GO:0097060","ENSMUSG00000027457","Snph","syntaphilin [Source:MGI Symbol;Acc:MGI:2139270]","GO"
"GO:0097060","ENSMUSG00000027488","Snta1","syntrophin, acidic 1 [Source:MGI Symbol;Acc:MGI:101772]","GO"
"GO:0097060","ENSMUSG00000027577","Chrna4","cholinergic receptor, nicotinic, alpha polypeptide 4 [Source:MGI Symbol;Acc:MGI:87888]","GO"
"GO:0097060","ENSMUSG00000027765","P2ry1","purinergic receptor P2Y, G-protein coupled 1 [Source:MGI Symbol;Acc:MGI:105049]","GO"
"GO:0097060","ENSMUSG00000027799","Nbea","neurobeachin [Source:MGI Symbol;Acc:MGI:1347075]","GO"
"GO:0097060","ENSMUSG00000027849","Syt6","synaptotagmin VI [Source:MGI Symbol;Acc:MGI:1859544]","GO"
"GO:0097060","ENSMUSG00000027895","Kcnc4","potassium voltage gated channel, Shaw-related subfamily, member 4 [Source:MGI Symbol;Acc:MGI:96670]","GO"
"GO:0097060","ENSMUSG00000027950","Chrnb2","cholinergic receptor, nicotinic, beta polypeptide 2 (neuronal) [Source:MGI Symbol;Acc:MGI:87891]","GO"
"GO:0097060","ENSMUSG00000028020","Glrb","glycine receptor, beta subunit [Source:MGI Symbol;Acc:MGI:95751]","GO"
"GO:0097060","ENSMUSG00000028184","Adgrl2","adhesion G protein-coupled receptor L2 [Source:MGI Symbol;Acc:MGI:2139714]","GO"
"GO:0097060","ENSMUSG00000028280","Gabrr1","gamma-aminobutyric acid (GABA) C receptor, subunit rho 1 [Source:MGI Symbol;Acc:MGI:95625]","GO"
"GO:0097060","ENSMUSG00000028289","Epha7","Eph receptor A7 [Source:MGI Symbol;Acc:MGI:95276]","GO"
"GO:0097060","ENSMUSG00000028399","Ptprd","protein tyrosine phosphatase, receptor type, D [Source:MGI Symbol;Acc:MGI:97812]","GO"
"GO:0097060","ENSMUSG00000028456","Unc13b","unc-13 homolog B [Source:MGI Symbol;Acc:MGI:1342278]","GO"
"GO:0097060","ENSMUSG00000028478","Clta","clathrin, light polypeptide (Lca) [Source:MGI Symbol;Acc:MGI:894297]","GO"
"GO:0097060","ENSMUSG00000028542","Slc6a9","solute carrier family 6 (neurotransmitter transporter, glycine), member 9 [Source:MGI Symbol;Acc:MGI:95760]","GO"
"GO:0097060","ENSMUSG00000028664","Ephb2","Eph receptor B2 [Source:MGI Symbol;Acc:MGI:99611]","GO"
"GO:0097060","ENSMUSG00000028958","Tmub1","transmembrane and ubiquitin-like domain containing 1 [Source:MGI Symbol;Acc:MGI:1923764]","GO"
"GO:0097060","ENSMUSG00000029054","Gabrd","gamma-aminobutyric acid (GABA) A receptor, subunit delta [Source:MGI Symbol;Acc:MGI:95622]","GO"
"GO:0097060","ENSMUSG00000029093","Sorcs2","sortilin-related VPS10 domain containing receptor 2 [Source:MGI Symbol;Acc:MGI:1932289]","GO"
"GO:0097060","ENSMUSG00000029126","Nsg1","neuron specific gene family member 1 [Source:MGI Symbol;Acc:MGI:109149]","GO"
"GO:0097060","ENSMUSG00000029205","Chrna9","cholinergic receptor, nicotinic, alpha polypeptide 9 [Source:MGI Symbol;Acc:MGI:1202403]","GO"
"GO:0097060","ENSMUSG00000029211","Gabra4","gamma-aminobutyric acid (GABA) A receptor, subunit alpha 4 [Source:MGI Symbol;Acc:MGI:95616]","GO"
"GO:0097060","ENSMUSG00000029212","Gabrb1","gamma-aminobutyric acid (GABA) A receptor, subunit beta 1 [Source:MGI Symbol;Acc:MGI:95619]","GO"
"GO:0097060","ENSMUSG00000029503","P2rx2","purinergic receptor P2X, ligand-gated ion channel, 2 [Source:MGI Symbol;Acc:MGI:2665170]","GO"
"GO:0097060","ENSMUSG00000029608","Rph3a","rabphilin 3A [Source:MGI Symbol;Acc:MGI:102788]","GO"
"GO:0097060","ENSMUSG00000030092","Cntn6","contactin 6 [Source:MGI Symbol;Acc:MGI:1858223]","GO"
"GO:0097060","ENSMUSG00000030096","Slc6a6","solute carrier family 6 (neurotransmitter transporter, taurine), member 6 [Source:MGI Symbol;Acc:MGI:98488]","GO"
"GO:0097060","ENSMUSG00000030098","Grip2","glutamate receptor interacting protein 2 [Source:MGI Symbol;Acc:MGI:2681173]","GO"
"GO:0097060","ENSMUSG00000030102","Itpr1","inositol 1,4,5-trisphosphate receptor 1 [Source:MGI Symbol;Acc:MGI:96623]","GO"
"GO:0097060","ENSMUSG00000030209","Grin2b","glutamate receptor, ionotropic, NMDA2B (epsilon 2) [Source:MGI Symbol;Acc:MGI:95821]","GO"
"GO:0097060","ENSMUSG00000030223","Ptpro","protein tyrosine phosphatase, receptor type, O [Source:MGI Symbol;Acc:MGI:1097152]","GO"
"GO:0097060","ENSMUSG00000030302","Atp2b2","ATPase, Ca++ transporting, plasma membrane 2 [Source:MGI Symbol;Acc:MGI:105368]","GO"
"GO:0097060","ENSMUSG00000030307","Slc6a11","solute carrier family 6 (neurotransmitter transporter, GABA), member 11 [Source:MGI Symbol;Acc:MGI:95630]","GO"
"GO:0097060","ENSMUSG00000030310","Slc6a1","solute carrier family 6 (neurotransmitter transporter, GABA), member 1 [Source:MGI Symbol;Acc:MGI:95627]","GO"
"GO:0097060","ENSMUSG00000030376","Slc8a2","solute carrier family 8 (sodium/calcium exchanger), member 2 [Source:MGI Symbol;Acc:MGI:107996]","GO"
"GO:0097060","ENSMUSG00000030525","Chrna7","cholinergic receptor, nicotinic, alpha polypeptide 7 [Source:MGI Symbol;Acc:MGI:99779]","GO"
"GO:0097060","ENSMUSG00000030600","Lrfn1","leucine rich repeat and fibronectin type III domain containing 1 [Source:MGI Symbol;Acc:MGI:2136810]","GO"
"GO:0097060","ENSMUSG00000030805","Stx4a","syntaxin 4A (placental) [Source:MGI Symbol;Acc:MGI:893577]","GO"
"GO:0097060","ENSMUSG00000030806","Stx1b","syntaxin 1B [Source:MGI Symbol;Acc:MGI:1930705]","GO"
"GO:0097060","ENSMUSG00000030854","Ptpn5","protein tyrosine phosphatase, non-receptor type 5 [Source:MGI Symbol;Acc:MGI:97807]","GO"
"GO:0097060","ENSMUSG00000031007","Atp6ap2","ATPase, H+ transporting, lysosomal accessory protein 2 [Source:MGI Symbol;Acc:MGI:1917745]","GO"
"GO:0097060","ENSMUSG00000031012","Cask","calcium/calmodulin-dependent serine protein kinase (MAGUK family) [Source:MGI Symbol;Acc:MGI:1309489]","GO"
"GO:0097060","ENSMUSG00000031078","Cttn","cortactin [Source:MGI Symbol;Acc:MGI:99695]","GO"
"GO:0097060","ENSMUSG00000031119","Gpc4","glypican 4 [Source:MGI Symbol;Acc:MGI:104902]","GO"
"GO:0097060","ENSMUSG00000031144","Syp","synaptophysin [Source:MGI Symbol;Acc:MGI:98467]","GO"
"GO:0097060","ENSMUSG00000031217","Efnb1","ephrin B1 [Source:MGI Symbol;Acc:MGI:102708]","GO"
"GO:0097060","ENSMUSG00000031227","Magee1","melanoma antigen, family E, 1 [Source:MGI Symbol;Acc:MGI:2148149]","GO"
"GO:0097060","ENSMUSG00000031253","Srpx2","sushi-repeat-containing protein, X-linked 2 [Source:MGI Symbol;Acc:MGI:1916042]","GO"
"GO:0097060","ENSMUSG00000031302","Nlgn3","neuroligin 3 [Source:MGI Symbol;Acc:MGI:2444609]","GO"
"GO:0097060","ENSMUSG00000031343","Gabra3","gamma-aminobutyric acid (GABA) A receptor, subunit alpha 3 [Source:MGI Symbol;Acc:MGI:95615]","GO"
"GO:0097060","ENSMUSG00000031344","Gabrq","gamma-aminobutyric acid (GABA) A receptor, subunit theta [Source:MGI Symbol;Acc:MGI:1888498]","GO"
"GO:0097060","ENSMUSG00000031357","Syap1","synapse associated protein 1 [Source:MGI Symbol;Acc:MGI:1914293]","GO"
"GO:0097060","ENSMUSG00000031376","Atp2b3","ATPase, Ca++ transporting, plasma membrane 3 [Source:MGI Symbol;Acc:MGI:1347353]","GO"
"GO:0097060","ENSMUSG00000031491","Chrna6","cholinergic receptor, nicotinic, alpha polypeptide 6 [Source:MGI Symbol;Acc:MGI:106213]","GO"
"GO:0097060","ENSMUSG00000031492","Chrnb3","cholinergic receptor, nicotinic, beta polypeptide 3 [Source:MGI Symbol;Acc:MGI:106212]","GO"
"GO:0097060","ENSMUSG00000031517","Gpm6a","glycoprotein m6a [Source:MGI Symbol;Acc:MGI:107671]","GO"
"GO:0097060","ENSMUSG00000031543","Ank1","ankyrin 1, erythroid [Source:MGI Symbol;Acc:MGI:88024]","GO"
"GO:0097060","ENSMUSG00000031654","Cbln1","cerebellin 1 precursor protein [Source:MGI Symbol;Acc:MGI:88281]","GO"
"GO:0097060","ENSMUSG00000031772","Cntnap4","contactin associated protein-like 4 [Source:MGI Symbol;Acc:MGI:2183572]","GO"
"GO:0097060","ENSMUSG00000031918","Mtmr2","myotubularin related protein 2 [Source:MGI Symbol;Acc:MGI:1924366]","GO"
"GO:0097060","ENSMUSG00000032012","Nectin1","nectin cell adhesion molecule 1 [Source:MGI Symbol;Acc:MGI:1926483]","GO"
"GO:0097060","ENSMUSG00000032017","Grik4","glutamate receptor, ionotropic, kainate 4 [Source:MGI Symbol;Acc:MGI:95817]","GO"
"GO:0097060","ENSMUSG00000032060","Cryab","crystallin, alpha B [Source:MGI Symbol;Acc:MGI:88516]","GO"
"GO:0097060","ENSMUSG00000032076","Cadm1","cell adhesion molecule 1 [Source:MGI Symbol;Acc:MGI:1889272]","GO"
"GO:0097060","ENSMUSG00000032112","Trappc4","trafficking protein particle complex 4 [Source:MGI Symbol;Acc:MGI:1926211]","GO"
"GO:0097060","ENSMUSG00000032172","Olfm2","olfactomedin 2 [Source:MGI Symbol;Acc:MGI:3045350]","GO"
"GO:0097060","ENSMUSG00000032259","Drd2","dopamine receptor D2 [Source:MGI Symbol;Acc:MGI:94924]","GO"
"GO:0097060","ENSMUSG00000032269","Htr3a","5-hydroxytryptamine (serotonin) receptor 3A [Source:MGI Symbol;Acc:MGI:96282]","GO"
"GO:0097060","ENSMUSG00000032303","Chrna3","cholinergic receptor, nicotinic, alpha polypeptide 3 [Source:MGI Symbol;Acc:MGI:87887]","GO"
"GO:0097060","ENSMUSG00000032336","Nptn","neuroplastin [Source:MGI Symbol;Acc:MGI:108077]","GO"
"GO:0097060","ENSMUSG00000032420","Nt5e","5' nucleotidase, ecto [Source:MGI Symbol;Acc:MGI:99782]","GO"
"GO:0097060","ENSMUSG00000032452","Clstn2","calsyntenin 2 [Source:MGI Symbol;Acc:MGI:1929897]","GO"
"GO:0097060","ENSMUSG00000032482","Cspg5","chondroitin sulfate proteoglycan 5 [Source:MGI Symbol;Acc:MGI:1352747]","GO"
"GO:0097060","ENSMUSG00000032589","Bsn","bassoon [Source:MGI Symbol;Acc:MGI:1277955]","GO"
"GO:0097060","ENSMUSG00000032773","Chrm1","cholinergic receptor, muscarinic 1, CNS [Source:MGI Symbol;Acc:MGI:88396]","GO"
"GO:0097060","ENSMUSG00000032826","Ank2","ankyrin 2, brain [Source:MGI Symbol;Acc:MGI:88025]","GO"
"GO:0097060","ENSMUSG00000032890","Rims3","regulating synaptic membrane exocytosis 3 [Source:MGI Symbol;Acc:MGI:2443331]","GO"
"GO:0097060","ENSMUSG00000033295","Ptprf","protein tyrosine phosphatase, receptor type, F [Source:MGI Symbol;Acc:MGI:102695]","GO"
"GO:0097060","ENSMUSG00000033335","Dnm2","dynamin 2 [Source:MGI Symbol;Acc:MGI:109547]","GO"
"GO:0097060","ENSMUSG00000033676","Gabrb3","gamma-aminobutyric acid (GABA) A receptor, subunit beta 3 [Source:MGI Symbol;Acc:MGI:95621]","GO"
"GO:0097060","ENSMUSG00000033768","Nrxn2","neurexin II [Source:MGI Symbol;Acc:MGI:1096362]","GO"
"GO:0097060","ENSMUSG00000033981","Gria2","glutamate receptor, ionotropic, AMPA2 (alpha 2) [Source:MGI Symbol;Acc:MGI:95809]","GO"
"GO:0097060","ENSMUSG00000034115","Scn11a","sodium channel, voltage-gated, type XI, alpha [Source:MGI Symbol;Acc:MGI:1345149]","GO"
"GO:0097060","ENSMUSG00000034152","Exoc3","exocyst complex component 3 [Source:MGI Symbol;Acc:MGI:2443972]","GO"
"GO:0097060","ENSMUSG00000034275","Igsf9b","immunoglobulin superfamily, member 9B [Source:MGI Symbol;Acc:MGI:2685354]","GO"
"GO:0097060","ENSMUSG00000034285","Nipsnap1","nipsnap homolog 1 [Source:MGI Symbol;Acc:MGI:1278344]","GO"
"GO:0097060","ENSMUSG00000034533","Scn10a","sodium channel, voltage-gated, type X, alpha [Source:MGI Symbol;Acc:MGI:108029]","GO"
"GO:0097060","ENSMUSG00000034656","Cacna1a","calcium channel, voltage-dependent, P/Q type, alpha 1A subunit [Source:MGI Symbol;Acc:MGI:109482]","GO"
"GO:0097060","ENSMUSG00000034675","Dbn1","drebrin 1 [Source:MGI Symbol;Acc:MGI:1931838]","GO"
"GO:0097060","ENSMUSG00000034686","Prr7","proline rich 7 (synaptic) [Source:MGI Symbol;Acc:MGI:3487246]","GO"
"GO:0097060","ENSMUSG00000034730","Adgrb1","adhesion G protein-coupled receptor B1 [Source:MGI Symbol;Acc:MGI:1933736]","GO"
"GO:0097060","ENSMUSG00000034799","Unc13a","unc-13 homolog A [Source:MGI Symbol;Acc:MGI:3051532]","GO"
"GO:0097060","ENSMUSG00000034813","Grip1","glutamate receptor interacting protein 1 [Source:MGI Symbol;Acc:MGI:1921303]","GO"
"GO:0097060","ENSMUSG00000034902","Pip5k1c","phosphatidylinositol-4-phosphate 5-kinase, type 1 gamma [Source:MGI Symbol;Acc:MGI:1298224]","GO"
"GO:0097060","ENSMUSG00000034997","Htr2a","5-hydroxytryptamine (serotonin) receptor 2A [Source:MGI Symbol;Acc:MGI:109521]","GO"
"GO:0097060","ENSMUSG00000035062","Zc4h2","zinc finger, C4H2 domain containing [Source:MGI Symbol;Acc:MGI:2679294]","GO"
"GO:0097060","ENSMUSG00000035109","Shc4","SHC (Src homology 2 domain containing) family, member 4 [Source:MGI Symbol;Acc:MGI:2655364]","GO"
"GO:0097060","ENSMUSG00000035200","Chrnb4","cholinergic receptor, nicotinic, beta polypeptide 4 [Source:MGI Symbol;Acc:MGI:87892]","GO"
"GO:0097060","ENSMUSG00000035203","Epn1","epsin 1 [Source:MGI Symbol;Acc:MGI:1333763]","GO"
"GO:0097060","ENSMUSG00000035226","Rims4","regulating synaptic membrane exocytosis 4 [Source:MGI Symbol;Acc:MGI:2674366]","GO"
"GO:0097060","ENSMUSG00000035392","Dennd1a","DENN/MADD domain containing 1A [Source:MGI Symbol;Acc:MGI:2442794]","GO"
"GO:0097060","ENSMUSG00000035513","Ntng2","netrin G2 [Source:MGI Symbol;Acc:MGI:2159341]","GO"
"GO:0097060","ENSMUSG00000035566","Pcdh17","protocadherin 17 [Source:MGI Symbol;Acc:MGI:2684924]","GO"
"GO:0097060","ENSMUSG00000035594","Chrna5","cholinergic receptor, nicotinic, alpha polypeptide 5 [Source:MGI Symbol;Acc:MGI:87889]","GO"
"GO:0097060","ENSMUSG00000035653","Lrfn5","leucine rich repeat and fibronectin type III domain containing 5 [Source:MGI Symbol;Acc:MGI:2144814]","GO"
"GO:0097060","ENSMUSG00000035681","Kcnc2","potassium voltage gated channel, Shaw-related subfamily, member 2 [Source:MGI Symbol;Acc:MGI:96668]","GO"
"GO:0097060","ENSMUSG00000035735","Dagla","diacylglycerol lipase, alpha [Source:MGI Symbol;Acc:MGI:2677061]","GO"
"GO:0097060","ENSMUSG00000035745","Grin3b","glutamate receptor, ionotropic, NMDA3B [Source:MGI Symbol;Acc:MGI:2150393]","GO"
"GO:0097060","ENSMUSG00000035764","Fbxo45","F-box protein 45 [Source:MGI Symbol;Acc:MGI:2447775]","GO"
"GO:0097060","ENSMUSG00000035798","Zdhhc17","zinc finger, DHHC domain containing 17 [Source:MGI Symbol;Acc:MGI:2445110]","GO"
"GO:0097060","ENSMUSG00000035863","Palm","paralemmin [Source:MGI Symbol;Acc:MGI:1261814]","GO"
"GO:0097060","ENSMUSG00000035864","Syt1","synaptotagmin I [Source:MGI Symbol;Acc:MGI:99667]","GO"
"GO:0097060","ENSMUSG00000036078","Sigmar1","sigma non-opioid intracellular receptor 1 [Source:MGI Symbol;Acc:MGI:1195268]","GO"
"GO:0097060","ENSMUSG00000036306","Lzts1","leucine zipper, putative tumor suppressor 1 [Source:MGI Symbol;Acc:MGI:2684762]","GO"
"GO:0097060","ENSMUSG00000036422","Pcdh8","protocadherin 8 [Source:MGI Symbol;Acc:MGI:1306800]","GO"
"GO:0097060","ENSMUSG00000036510","Cdh8","cadherin 8 [Source:MGI Symbol;Acc:MGI:107434]","GO"
"GO:0097060","ENSMUSG00000036790","Slitrk2","SLIT and NTRK-like family, member 2 [Source:MGI Symbol;Acc:MGI:2679449]","GO"
"GO:0097060","ENSMUSG00000036835","Psenen","presenilin enhancer gamma secretase subunit [Source:MGI Symbol;Acc:MGI:1913590]","GO"
"GO:0097060","ENSMUSG00000036957","Lrfn3","leucine rich repeat and fibronectin type III domain containing 3 [Source:MGI Symbol;Acc:MGI:2442512]","GO"
"GO:0097060","ENSMUSG00000037032","Apbb1","amyloid beta (A4) precursor protein-binding, family B, member 1 [Source:MGI Symbol;Acc:MGI:107765]","GO"
"GO:0097060","ENSMUSG00000037386","Rims2","regulating synaptic membrane exocytosis 2 [Source:MGI Symbol;Acc:MGI:2152972]","GO"
"GO:0097060","ENSMUSG00000037434","Slc30a1","solute carrier family 30 (zinc transporter), member 1 [Source:MGI Symbol;Acc:MGI:1345281]","GO"
"GO:0097060","ENSMUSG00000037541","Shank2","SH3 and multiple ankyrin repeat domains 2 [Source:MGI Symbol;Acc:MGI:2671987]","GO"
"GO:0097060","ENSMUSG00000037653","Kctd8","potassium channel tetramerisation domain containing 8 [Source:MGI Symbol;Acc:MGI:2443804]","GO"
"GO:0097060","ENSMUSG00000037852","Cpe","carboxypeptidase E [Source:MGI Symbol;Acc:MGI:101932]","GO"
"GO:0097060","ENSMUSG00000038026","Kcnj9","potassium inwardly-rectifying channel, subfamily J, member 9 [Source:MGI Symbol;Acc:MGI:108007]","GO"
"GO:0097060","ENSMUSG00000038257","Glra3","glycine receptor, alpha 3 subunit [Source:MGI Symbol;Acc:MGI:95749]","GO"
"GO:0097060","ENSMUSG00000038459","Abhd17c","abhydrolase domain containing 17C [Source:MGI Symbol;Acc:MGI:1917428]","GO"
"GO:0097060","ENSMUSG00000038665","Dgki","diacylglycerol kinase, iota [Source:MGI Symbol;Acc:MGI:2443430]","GO"
"GO:0097060","ENSMUSG00000038738","Shank1","SH3 and multiple ankyrin repeat domains 1 [Source:MGI Symbol;Acc:MGI:3613677]","GO"
"GO:0097060","ENSMUSG00000038845","Phb","prohibitin [Source:MGI Symbol;Acc:MGI:97572]","GO"
"GO:0097060","ENSMUSG00000038976","Ppp1r9b","protein phosphatase 1, regulatory subunit 9B [Source:MGI Symbol;Acc:MGI:2387581]","GO"
"GO:0097060","ENSMUSG00000039106","Htr5a","5-hydroxytryptamine (serotonin) receptor 5A [Source:MGI Symbol;Acc:MGI:96283]","GO"
"GO:0097060","ENSMUSG00000039206","Daglb","diacylglycerol lipase, beta [Source:MGI Symbol;Acc:MGI:2442032]","GO"
"GO:0097060","ENSMUSG00000039358","Drd5","dopamine receptor D5 [Source:MGI Symbol;Acc:MGI:94927]","GO"
"GO:0097060","ENSMUSG00000039361","Picalm","phosphatidylinositol binding clathrin assembly protein [Source:MGI Symbol;Acc:MGI:2385902]","GO"
"GO:0097060","ENSMUSG00000039419","Cntnap2","contactin associated protein-like 2 [Source:MGI Symbol;Acc:MGI:1914047]","GO"
"GO:0097060","ENSMUSG00000039488","Cntn5","contactin 5 [Source:MGI Symbol;Acc:MGI:3042287]","GO"
"GO:0097060","ENSMUSG00000039579","Grin3a","glutamate receptor ionotropic, NMDA3A [Source:MGI Symbol;Acc:MGI:1933206]","GO"
"GO:0097060","ENSMUSG00000039714","Cplx3","complexin 3 [Source:MGI Symbol;Acc:MGI:2384571]","GO"
"GO:0097060","ENSMUSG00000039728","Slc6a5","solute carrier family 6 (neurotransmitter transporter, glycine), member 5 [Source:MGI Symbol;Acc:MGI:105090]","GO"
"GO:0097060","ENSMUSG00000039809","Gabbr2","gamma-aminobutyric acid (GABA) B receptor, 2 [Source:MGI Symbol;Acc:MGI:2386030]","GO"
"GO:0097060","ENSMUSG00000039952","Dag1","dystroglycan 1 [Source:MGI Symbol;Acc:MGI:101864]","GO"
"GO:0097060","ENSMUSG00000039953","Clstn1","calsyntenin 1 [Source:MGI Symbol;Acc:MGI:1929895]","GO"
"GO:0097060","ENSMUSG00000039959","Hip1","huntingtin interacting protein 1 [Source:MGI Symbol;Acc:MGI:1099804]","GO"
"GO:0097060","ENSMUSG00000040003","Magi2","membrane associated guanylate kinase, WW and PDZ domain containing 2 [Source:MGI Symbol;Acc:MGI:1354953]","GO"
"GO:0097060","ENSMUSG00000040118","Cacna2d1","calcium channel, voltage-dependent, alpha2/delta subunit 1 [Source:MGI Symbol;Acc:MGI:88295]","GO"
"GO:0097060","ENSMUSG00000040265","Dnm3","dynamin 3 [Source:MGI Symbol;Acc:MGI:1341299]","GO"
"GO:0097060","ENSMUSG00000040276","Pacsin1","protein kinase C and casein kinase substrate in neurons 1 [Source:MGI Symbol;Acc:MGI:1345181]","GO"
"GO:0097060","ENSMUSG00000040373","Cacng5","calcium channel, voltage-dependent, gamma subunit 5 [Source:MGI Symbol;Acc:MGI:2157946]","GO"
"GO:0097060","ENSMUSG00000040407","Akap9","A kinase (PRKA) anchor protein (yotiao) 9 [Source:MGI Symbol;Acc:MGI:2178217]","GO"
"GO:0097060","ENSMUSG00000040490","Lrfn2","leucine rich repeat and fibronectin type III domain containing 2 [Source:MGI Symbol;Acc:MGI:1917780]","GO"
"GO:0097060","ENSMUSG00000040495","Chrm4","cholinergic receptor, muscarinic 4 [Source:MGI Symbol;Acc:MGI:88399]","GO"
"GO:0097060","ENSMUSG00000040537","Adam22","a disintegrin and metallopeptidase domain 22 [Source:MGI Symbol;Acc:MGI:1340046]","GO"
"GO:0097060","ENSMUSG00000040640","Erc2","ELKS/RAB6-interacting/CAST family member 2 [Source:MGI Symbol;Acc:MGI:1098749]","GO"
"GO:0097060","ENSMUSG00000040724","Kcna2","potassium voltage-gated channel, shaker-related subfamily, member 2 [Source:MGI Symbol;Acc:MGI:96659]","GO"
"GO:0097060","ENSMUSG00000040797","Iqsec3","IQ motif and Sec7 domain 3 [Source:MGI Symbol;Acc:MGI:2677208]","GO"
"GO:0097060","ENSMUSG00000040896","Kcnd3","potassium voltage-gated channel, Shal-related family, member 3 [Source:MGI Symbol;Acc:MGI:1928743]","GO"
"GO:0097060","ENSMUSG00000040907","Atp1a3","ATPase, Na+/K+ transporting, alpha 3 polypeptide [Source:MGI Symbol;Acc:MGI:88107]","GO"
"GO:0097060","ENSMUSG00000040972","Igsf21","immunoglobulin superfamily, member 21 [Source:MGI Symbol;Acc:MGI:2681842]","GO"
"GO:0097060","ENSMUSG00000041078","Grid1","glutamate receptor, ionotropic, delta 1 [Source:MGI Symbol;Acc:MGI:95812]","GO"
"GO:0097060","ENSMUSG00000041189","Chrnb1","cholinergic receptor, nicotinic, beta polypeptide 1 (muscle) [Source:MGI Symbol;Acc:MGI:87890]","GO"
"GO:0097060","ENSMUSG00000041488","Stx3","syntaxin 3 [Source:MGI Symbol;Acc:MGI:103077]","GO"
"GO:0097060","ENSMUSG00000041685","Fcho2","FCH domain only 2 [Source:MGI Symbol;Acc:MGI:3505790]","GO"
"GO:0097060","ENSMUSG00000041740","Rnf10","ring finger protein 10 [Source:MGI Symbol;Acc:MGI:1859162]","GO"
"GO:0097060","ENSMUSG00000042429","Adora1","adenosine A1 receptor [Source:MGI Symbol;Acc:MGI:99401]","GO"
"GO:0097060","ENSMUSG00000042604","Kcna4","potassium voltage-gated channel, shaker-related subfamily, member 4 [Source:MGI Symbol;Acc:MGI:96661]","GO"
"GO:0097060","ENSMUSG00000042846","Lrrtm3","leucine rich repeat transmembrane neuronal 3 [Source:MGI Symbol;Acc:MGI:2389177]","GO"
"GO:0097060","ENSMUSG00000042873","Lhfpl4","lipoma HMGIC fusion partner-like protein 4 [Source:MGI Symbol;Acc:MGI:3057108]","GO"
"GO:0097060","ENSMUSG00000043411","Usp48","ubiquitin specific peptidase 48 [Source:MGI Symbol;Acc:MGI:2158502]","GO"
"GO:0097060","ENSMUSG00000044288","Cnr1","cannabinoid receptor 1 (brain) [Source:MGI Symbol;Acc:MGI:104615]","GO"
"GO:0097060","ENSMUSG00000044359","P2ry4","pyrimidinergic receptor P2Y, G-protein coupled, 4 [Source:MGI Symbol;Acc:MGI:1926594]","GO"
"GO:0097060","ENSMUSG00000044667","Plppr4","phospholipid phosphatase related 4 [Source:MGI Symbol;Acc:MGI:106530]","GO"
"GO:0097060","ENSMUSG00000045045","Lrfn4","leucine rich repeat and fibronectin type III domain containing 4 [Source:MGI Symbol;Acc:MGI:2385612]","GO"
"GO:0097060","ENSMUSG00000045103","Dmd","dystrophin, muscular dystrophy [Source:MGI Symbol;Acc:MGI:94909]","GO"
"GO:0097060","ENSMUSG00000045114","Prrt2","proline-rich transmembrane protein 2 [Source:MGI Symbol;Acc:MGI:1916267]","GO"
"GO:0097060","ENSMUSG00000045318","Adra2c","adrenergic receptor, alpha 2c [Source:MGI Symbol;Acc:MGI:87936]","GO"
"GO:0097060","ENSMUSG00000045613","Chrm2","cholinergic receptor, muscarinic 2, cardiac [Source:MGI Symbol;Acc:MGI:88397]","GO"
"GO:0097060","ENSMUSG00000045875","Adra1a","adrenergic receptor, alpha 1a [Source:MGI Symbol;Acc:MGI:104773]","GO"
"GO:0097060","ENSMUSG00000046159","Chrm3","cholinergic receptor, muscarinic 3, cardiac [Source:MGI Symbol;Acc:MGI:88398]","GO"
"GO:0097060","ENSMUSG00000046182","Gsg1l","GSG1-like [Source:MGI Symbol;Acc:MGI:2685483]","GO"
"GO:0097060","ENSMUSG00000047085","Lrrc4b","leucine rich repeat containing 4B [Source:MGI Symbol;Acc:MGI:3027390]","GO"
"GO:0097060","ENSMUSG00000047126","Cltc","clathrin, heavy polypeptide (Hc) [Source:MGI Symbol;Acc:MGI:2388633]","GO"
"GO:0097060","ENSMUSG00000047368","Abhd17b","abhydrolase domain containing 17B [Source:MGI Symbol;Acc:MGI:1917816]","GO"
"GO:0097060","ENSMUSG00000047454","Gphn","gephyrin [Source:MGI Symbol;Acc:MGI:109602]","GO"
"GO:0097060","ENSMUSG00000047547","Cltb","clathrin, light polypeptide (Lcb) [Source:MGI Symbol;Acc:MGI:1921575]","GO"
"GO:0097060","ENSMUSG00000047854","Stx19","syntaxin 19 [Source:MGI Symbol;Acc:MGI:1915409]","GO"
"GO:0097060","ENSMUSG00000047910","Pcdhb16","protocadherin beta 16 [Source:MGI Symbol;Acc:MGI:2136752]","GO"
"GO:0097060","ENSMUSG00000047945","Marcksl1","MARCKS-like 1 [Source:MGI Symbol;Acc:MGI:97143]","GO"
"GO:0097060","ENSMUSG00000047959","Kcna3","potassium voltage-gated channel, shaker-related subfamily, member 3 [Source:MGI Symbol;Acc:MGI:96660]","GO"
"GO:0097060","ENSMUSG00000047976","Kcna1","potassium voltage-gated channel, shaker-related subfamily, member 1 [Source:MGI Symbol;Acc:MGI:96654]","GO"
"GO:0097060","ENSMUSG00000048120","Entpd1","ectonucleoside triphosphate diphosphohydrolase 1 [Source:MGI Symbol;Acc:MGI:102805]","GO"
"GO:0097060","ENSMUSG00000048304","Slitrk3","SLIT and NTRK-like family, member 3 [Source:MGI Symbol;Acc:MGI:2679447]","GO"
"GO:0097060","ENSMUSG00000048376","F2r","coagulation factor II (thrombin) receptor [Source:MGI Symbol;Acc:MGI:101802]","GO"
"GO:0097060","ENSMUSG00000049511","Htr1b","5-hydroxytryptamine (serotonin) receptor 1B [Source:MGI Symbol;Acc:MGI:96274]","GO"
"GO:0097060","ENSMUSG00000049583","Grm5","glutamate receptor, metabotropic 5 [Source:MGI Symbol;Acc:MGI:1351342]","GO"
"GO:0097060","ENSMUSG00000049939","Lrrc4","leucine rich repeat containing 4 [Source:MGI Symbol;Acc:MGI:2182081]","GO"
"GO:0097060","ENSMUSG00000050321","Neto1","neuropilin (NRP) and tolloid (TLL)-like 1 [Source:MGI Symbol;Acc:MGI:2180216]","GO"
"GO:0097060","ENSMUSG00000050377","Il31ra","interleukin 31 receptor A [Source:MGI Symbol;Acc:MGI:2180511]","GO"
"GO:0097060","ENSMUSG00000050511","Oprd1","opioid receptor, delta 1 [Source:MGI Symbol;Acc:MGI:97438]","GO"
"GO:0097060","ENSMUSG00000050556","Kcnb1","potassium voltage gated channel, Shab-related subfamily, member 1 [Source:MGI Symbol;Acc:MGI:96666]","GO"
"GO:0097060","ENSMUSG00000050587","Lrrc4c","leucine rich repeat containing 4C [Source:MGI Symbol;Acc:MGI:2442636]","GO"
"GO:0097060","ENSMUSG00000051136","Ghsr","growth hormone secretagogue receptor [Source:MGI Symbol;Acc:MGI:2441906]","GO"
"GO:0097060","ENSMUSG00000051331","Cacna1c","calcium channel, voltage-dependent, L type, alpha 1C subunit [Source:MGI Symbol;Acc:MGI:103013]","GO"
"GO:0097060","ENSMUSG00000051379","Flrt3","fibronectin leucine rich transmembrane protein 3 [Source:MGI Symbol;Acc:MGI:1918686]","GO"
"GO:0097060","ENSMUSG00000051401","Kctd16","potassium channel tetramerisation domain containing 16 [Source:MGI Symbol;Acc:MGI:1914659]","GO"
"GO:0097060","ENSMUSG00000051790","Nlgn2","neuroligin 2 [Source:MGI Symbol;Acc:MGI:2681835]","GO"
"GO:0097060","ENSMUSG00000052374","Actn2","actinin alpha 2 [Source:MGI Symbol;Acc:MGI:109192]","GO"
"GO:0097060","ENSMUSG00000052572","Dlg2","discs large MAGUK scaffold protein 2 [Source:MGI Symbol;Acc:MGI:1344351]","GO"
"GO:0097060","ENSMUSG00000052581","Lrrtm4","leucine rich repeat transmembrane neuronal 4 [Source:MGI Symbol;Acc:MGI:2389180]","GO"
"GO:0097060","ENSMUSG00000053024","Cntn2","contactin 2 [Source:MGI Symbol;Acc:MGI:104518]","GO"
"GO:0097060","ENSMUSG00000053141","Ptprt","protein tyrosine phosphatase, receptor type, T [Source:MGI Symbol;Acc:MGI:1321152]","GO"
"GO:0097060","ENSMUSG00000053310","Nrgn","neurogranin [Source:MGI Symbol;Acc:MGI:1927184]","GO"
"GO:0097060","ENSMUSG00000053550","Shisa7","shisa family member 7 [Source:MGI Symbol;Acc:MGI:3605641]","GO"
"GO:0097060","ENSMUSG00000053647","Gper1","G protein-coupled estrogen receptor 1 [Source:MGI Symbol;Acc:MGI:1924104]","GO"
"GO:0097060","ENSMUSG00000053930","Shisa6","shisa family member 6 [Source:MGI Symbol;Acc:MGI:2685725]","GO"
"GO:0097060","ENSMUSG00000054640","Slc8a1","solute carrier family 8 (sodium/calcium exchanger), member 1 [Source:MGI Symbol;Acc:MGI:107956]","GO"
"GO:0097060","ENSMUSG00000054693","Adam10","a disintegrin and metallopeptidase domain 10 [Source:MGI Symbol;Acc:MGI:109548]","GO"
"GO:0097060","ENSMUSG00000055022","Cntn1","contactin 1 [Source:MGI Symbol;Acc:MGI:105980]","GO"
"GO:0097060","ENSMUSG00000055026","Gabrg3","gamma-aminobutyric acid (GABA) A receptor, subunit gamma 3 [Source:MGI Symbol;Acc:MGI:95624]","GO"
"GO:0097060","ENSMUSG00000055078","Gabra5","gamma-aminobutyric acid (GABA) A receptor, subunit alpha 5 [Source:MGI Symbol;Acc:MGI:95617]","GO"
"GO:0097060","ENSMUSG00000055368","Slc6a2","solute carrier family 6 (neurotransmitter transporter, noradrenalin), member 2 [Source:MGI Symbol;Acc:MGI:1270850]","GO"
"GO:0097060","ENSMUSG00000056073","Grik2","glutamate receptor, ionotropic, kainate 2 (beta 2) [Source:MGI Symbol;Acc:MGI:95815]","GO"
"GO:0097060","ENSMUSG00000056201","Cfl1","cofilin 1, non-muscle [Source:MGI Symbol;Acc:MGI:101757]","GO"
"GO:0097060","ENSMUSG00000056755","Grm7","glutamate receptor, metabotropic 7 [Source:MGI Symbol;Acc:MGI:1351344]","GO"
"GO:0097060","ENSMUSG00000057280","Musk","muscle, skeletal, receptor tyrosine kinase [Source:MGI Symbol;Acc:MGI:103581]","GO"
"GO:0097060","ENSMUSG00000057531","Dtnbp1","dystrobrevin binding protein 1 [Source:MGI Symbol;Acc:MGI:2137586]","GO"
"GO:0097060","ENSMUSG00000058248","Kcnh1","potassium voltage-gated channel, subfamily H (eag-related), member 1 [Source:MGI Symbol;Acc:MGI:1341721]","GO"
"GO:0097060","ENSMUSG00000058446","Znrf2","zinc and ring finger 2 [Source:MGI Symbol;Acc:MGI:1196246]","GO"
"GO:0097060","ENSMUSG00000058806","Col13a1","collagen, type XIII, alpha 1 [Source:MGI Symbol;Acc:MGI:1277201]","GO"
"GO:0097060","ENSMUSG00000058975","Kcnc1","potassium voltage gated channel, Shaw-related subfamily, member 1 [Source:MGI Symbol;Acc:MGI:96667]","GO"
"GO:0097060","ENSMUSG00000059003","Grin2a","glutamate receptor, ionotropic, NMDA2A (epsilon 1) [Source:MGI Symbol;Acc:MGI:95820]","GO"
"GO:0097060","ENSMUSG00000059040","Eno1b","enolase 1B, retrotransposed [Source:MGI Symbol;Acc:MGI:3648653]","GO"
"GO:0097060","ENSMUSG00000059146","Ntrk3","neurotrophic tyrosine kinase, receptor, type 3 [Source:MGI Symbol;Acc:MGI:97385]","GO"
"GO:0097060","ENSMUSG00000059213","Ddn","dendrin [Source:MGI Symbol;Acc:MGI:108101]","GO"
"GO:0097060","ENSMUSG00000059857","Ntng1","netrin G1 [Source:MGI Symbol;Acc:MGI:1934028]","GO"
"GO:0097060","ENSMUSG00000059991","Nptx2","neuronal pentraxin 2 [Source:MGI Symbol;Acc:MGI:1858209]","GO"
"GO:0097060","ENSMUSG00000060216","Arrb2","arrestin, beta 2 [Source:MGI Symbol;Acc:MGI:99474]","GO"
"GO:0097060","ENSMUSG00000060534","Dcc","deleted in colorectal carcinoma [Source:MGI Symbol;Acc:MGI:94869]","GO"
"GO:0097060","ENSMUSG00000060780","Lrrtm1","leucine rich repeat transmembrane neuronal 1 [Source:MGI Symbol;Acc:MGI:2389173]","GO"
"GO:0097060","ENSMUSG00000060882","Kcnd2","potassium voltage-gated channel, Shal-related family, member 2 [Source:MGI Symbol;Acc:MGI:102663]","GO"
"GO:0097060","ENSMUSG00000061981","Flot2","flotillin 2 [Source:MGI Symbol;Acc:MGI:103309]","GO"
"GO:0097060","ENSMUSG00000062151","Unc13c","unc-13 homolog C [Source:MGI Symbol;Acc:MGI:2149021]","GO"
"GO:0097060","ENSMUSG00000062209","Erbb4","erb-b2 receptor tyrosine kinase 4 [Source:MGI Symbol;Acc:MGI:104771]","GO"
"GO:0097060","ENSMUSG00000062312","Erbb2","erb-b2 receptor tyrosine kinase 2 [Source:MGI Symbol;Acc:MGI:95410]","GO"
"GO:0097060","ENSMUSG00000063063","Ctnna2","catenin (cadherin associated protein), alpha 2 [Source:MGI Symbol;Acc:MGI:88275]","GO"
"GO:0097060","ENSMUSG00000063434","Sorcs3","sortilin-related VPS10 domain containing receptor 3 [Source:MGI Symbol;Acc:MGI:1913923]","GO"
"GO:0097060","ENSMUSG00000063524","Eno1","enolase 1, alpha non-neuron [Source:MGI Symbol;Acc:MGI:95393]","GO"
"GO:0097060","ENSMUSG00000063887","Nlgn1","neuroligin 1 [Source:MGI Symbol;Acc:MGI:2179435]","GO"
"GO:0097060","ENSMUSG00000064329","Scn1a","sodium channel, voltage-gated, type I, alpha [Source:MGI Symbol;Acc:MGI:98246]","GO"
"GO:0097060","ENSMUSG00000066189","Cacng3","calcium channel, voltage-dependent, gamma subunit 3 [Source:MGI Symbol;Acc:MGI:1859165]","GO"
"GO:0097060","ENSMUSG00000066279","Chrna10","cholinergic receptor, nicotinic, alpha polypeptide 10 [Source:MGI Symbol;Acc:MGI:3609260]","GO"
"GO:0097060","ENSMUSG00000066392","Nrxn3","neurexin III [Source:MGI Symbol;Acc:MGI:1096389]","GO"
"GO:0097060","ENSMUSG00000066705","Fxyd6","FXYD domain-containing ion transport regulator 6 [Source:MGI Symbol;Acc:MGI:1890226]","GO"
"GO:0097060","ENSMUSG00000066878","Gm10184","predicted pseudogene 10184 [Source:MGI Symbol;Acc:MGI:3704480]","GO"
"GO:0097060","ENSMUSG00000068748","Ptprz1","protein tyrosine phosphatase, receptor type Z, polypeptide 1 [Source:MGI Symbol;Acc:MGI:97816]","GO"
"GO:0097060","ENSMUSG00000068923","Syt11","synaptotagmin XI [Source:MGI Symbol;Acc:MGI:1859547]","GO"
"GO:0097060","ENSMUSG00000069601","Ank3","ankyrin 3, epithelial [Source:MGI Symbol;Acc:MGI:88026]","GO"
"GO:0097060","ENSMUSG00000069806","Cacng7","calcium channel, voltage-dependent, gamma subunit 7 [Source:MGI Symbol;Acc:MGI:1932374]","GO"
"GO:0097060","ENSMUSG00000071424","Grid2","glutamate receptor, ionotropic, delta 2 [Source:MGI Symbol;Acc:MGI:95813]","GO"
"GO:0097060","ENSMUSG00000071862","Lrrtm2","leucine rich repeat transmembrane neuronal 2 [Source:MGI Symbol;Acc:MGI:2389174]","GO"
"GO:0097060","ENSMUSG00000074736","Syndig1","synapse differentiation inducing 1 [Source:MGI Symbol;Acc:MGI:3702158]","GO"
"GO:0097060","ENSMUSG00000074939","Chrm5","cholinergic receptor, muscarinic 5 [Source:MGI Symbol;Acc:MGI:109248]","GO"
"GO:0097060","ENSMUSG00000075318","Scn2a","sodium channel, voltage-gated, type II, alpha [Source:MGI Symbol;Acc:MGI:98248]","GO"
"GO:0097060","ENSMUSG00000075478","Slitrk1","SLIT and NTRK-like family, member 1 [Source:MGI Symbol;Acc:MGI:2679446]","GO"
"GO:0097060","ENSMUSG00000078816","Prkcg","protein kinase C, gamma [Source:MGI Symbol;Acc:MGI:97597]","GO"
"GO:0097060","ENSMUSG00000079055","Slc8a3","solute carrier family 8 (sodium/calcium exchanger), member 3 [Source:MGI Symbol;Acc:MGI:107976]","GO"
"GO:0097060","ENSMUSG00000079550","Mpp4","membrane protein, palmitoylated 4 (MAGUK p55 subfamily member 4) [Source:MGI Symbol;Acc:MGI:2386681]","GO"
"GO:0097060","ENSMUSG00000084845","Tmem240","transmembrane protein 240 [Source:MGI Symbol;Acc:MGI:3648074]","GO"
"GO:0097060","ENSMUSG00000090935","Synj2bp","synaptojanin 2 binding protein [Source:MGI Symbol;Acc:MGI:1344347]","GO"
"GO:0097060","ENSMUSG00000096054","Syne1","spectrin repeat containing, nuclear envelope 1 [Source:MGI Symbol;Acc:MGI:1927152]","GO"
"GO:0097060","ENSMUSG00000096883","Shisa8","shisa family member 8 [Source:MGI Symbol;Acc:MGI:2146080]","GO"
"GO:0097060","ENSMUSG00000096998","Cacng7","calcium channel, voltage-dependent, gamma subunit 7 [Source:MGI Symbol;Acc:MGI:1932374]","GO"
"GO:0097060","ENSMUSG00000097449","Prkcg","Protein kinase C gamma type  [Source:UniProtKB/Swiss-Prot;Acc:P63318]","GO"
"GO:0097060","ENSMUSG00000098892","Comt","catechol-O-methyltransferase [Source:MGI Symbol;Acc:MGI:88470]","GO"
"GO:0097060","ENSMUSG00000107104","Nrxn2","neurexin II [Source:MGI Symbol;Acc:MGI:1096362]","GO"
"GO:0097060","ENSMUSG00000110195","Pde2a","phosphodiesterase 2A, cGMP-stimulated [Source:MGI Symbol;Acc:MGI:2446107]","GO"
"GO:0097060","ENSMUSG00000110850","Slc30a1","solute carrier family 30 (zinc transporter), member 1 [Source:MGI Symbol;Acc:MGI:1345281]","GO"
"GO:0097060","ENSMUSG00000111579","Rapsn","receptor-associated protein of the synapse [Source:MGI Symbol;Acc:MGI:99422]","GO"